-- This file is set to the highest migration number so it isn't included in tests, and 
-- is applied after all the others.

BEGIN;

INSERT INTO client_info.site_baselines (baseline_id, site_id, baseline, created_at) VALUES
    ('019c4cab-6f84-701c-b97f-f799c8b454f5', 'demo_cardiff',
    '{
        "building": {
            "scalar_heat_load": 1.0,
            "scalar_electrical_load": 1.0,
            "fabric_intervention_index": 0,
            "floor_area": null,
            "incumbent": false,
            "age": 0.0,
            "lifetime": 30.0
        },
        "data_centre": null,
        "domestic_hot_water": null,
        "electric_vehicles": null,
        "energy_storage_system": null,
        "gas_heater": {
            "maximum_output": 24.0,
            "gas_type": "NATURAL_GAS",
            "boiler_efficiency": 0.9,
            "fixed_gas_price": 0.068,
            "incumbent": false,
            "age": 0.0,
            "lifetime": 10.0
        },
        "grid": {
            "grid_export": 25.0,
            "grid_import": 25.0,
            "import_headroom": 0.25,
            "tariff_index": 0,
            "export_tariff": 0.05,
            "incumbent": false,
            "age": 0.0,
            "lifetime": 25.0
        },
        "heat_pump": null,
        "mop": null,
        "solar_panels": null
    }'::JSONB,
    NOW()),
    ('019c4cab-9f3f-71dd-842b-435279f806b8',
    'demo_london',
    '{
        "building": {
            "scalar_heat_load": 1.0,
            "scalar_electrical_load": 1.0,
            "fabric_intervention_index": 0,
            "floor_area": null,
            "incumbent": false,
            "age": 0.0,
            "lifetime": 30.0
        },
        "data_centre": null,
        "domestic_hot_water": null,
        "electric_vehicles": null,
        "energy_storage_system": null,
        "gas_heater": {
            "maximum_output": 200.0,
            "gas_type": "NATURAL_GAS",
            "boiler_efficiency": 0.9,
            "fixed_gas_price": 0.068,
            "incumbent": false,
            "age": 0.0,
            "lifetime": 10.0
        },
        "grid": {
            "grid_export": 25.0,
            "grid_import": 230.0,
            "import_headroom": 0.25,
            "tariff_index": 0,
            "export_tariff": 0.05,
            "incumbent": false,
            "age": 0.0,
            "lifetime": 25.0
        },
        "heat_pump": null,
        "mop": null,
        "solar_panels": null
    }'::JSONB,
    NOW()),
    ('019c4cab-bbec-7556-87f3-f6a94e789de0',
    'demo_edinburgh',
    '{
        "building": {
            "scalar_heat_load": 1.0,
            "scalar_electrical_load": 1.0,
            "fabric_intervention_index": 0,
            "floor_area": null,
            "incumbent": false,
            "age": 0.0,
            "lifetime": 30.0
        },
        "data_centre": null,
        "domestic_hot_water": null,
        "electric_vehicles": null,
        "energy_storage_system": null,
        "gas_heater": {
            "maximum_output": 875.0,
            "gas_type": "NATURAL_GAS",
            "boiler_efficiency": 0.9,
            "fixed_gas_price": 0.068,
            "incumbent": false,
            "age": 0.0,
            "lifetime": 10.0
        },
        "grid": {
            "grid_export": 100.0,
            "grid_import": 999.0,
            "import_headroom": 0.25,
            "tariff_index": 0,
            "export_tariff": 0.05,
            "incumbent": false,
            "age": 0.0,
            "lifetime": 25.0
        },
        "heat_pump": null,
        "mop": null,
        "solar_panels": null
    }'::JSONB,
    NOW()
    )
;

INSERT INTO client_info.solar_locations (renewables_location_id, name, site_id, mounting_type, tilt, azimuth, maxpower) VALUES
    ('demo_cardiff_mainarray_northeast', 'Main Array Northeast', 'demo_cardiff', 'building-integrated', 30.0, 40.0, 5.0),
    ('demo_cardiff_mainarray_west', 'Main Array West', 'demo_cardiff', 'building-integrated', 37.0, 307.0, 4.6),
    ('demo_cardiff_office', 'Office', 'demo_cardiff', 'building-integrated', 10.0, 230.0, 3.0),    
    ('demo_cardiff_mainroof', 'Office', 'demo_cardiff', 'building-integrated', 37.0, 44.0, 4.68),
    ('demo_london_west', 'West Roof', 'demo_london',  'building-integrated', 30, 265, 35),
    ('demo_london_east', 'East Roof', 'demo_london',  'building-integrated', 35, 84, 48),
    ('demo_edinburgh_flat_east', 'Flat Roof (Tilted East)', 'demo_edinburgh',  'building-integrated', 15, 80, 79),
    ('demo_edinburgh_flat_west', 'Flat Roof (Tilted West)', 'demo_edinburgh',  'building-integrated', 15, 260, 79)
;

INSERT INTO client_meters.metadata (dataset_id, created_at, site_id, fuel_type, reading_type, filename, is_synthesised) VALUES 
        ('019c4cab-e8b6-7003-a22f-c7a82234b27d', NOW(), 'demo_london', 'elec', 'manual', NULL, false),
        ('019c4cab-f9fd-7463-953f-1ab5e390c9cc', NOW(), 'demo_london', 'gas', 'manual', NULL, false),
        ('019c4cac-9c36-7fc9-8895-076b1753a52f', NOW(), 'demo_cardiff', 'elec', 'manual', NULL, false),
        ('019c4cac-af70-775b-91ec-55bc32c23a21', NOW(), 'demo_cardiff', 'gas', 'manual', NULL, false),
        ('019c4cac-c08f-7d76-bce8-bb5f3414dc89', NOW(), 'demo_edinburgh', 'elec', 'manual', NULL, false),
        ('019c4cac-d39e-7954-a9a0-6522b35975cc', NOW(), 'demo_edinburgh', 'gas', 'manual', NULL, false);

INSERT INTO client_meters.electricity_meters (dataset_id, start_ts, end_ts, consumption_kwh) VALUES 
    ('019c4cac-9c36-7fc9-8895-076b1753a52f', '2023-09-28 00:00', '2023-09-30 00:00', 22.16),
    ('019c4cac-9c36-7fc9-8895-076b1753a52f', '2023-10-01 00:00', '2023-10-31 00:00', 258.68),
    ('019c4cac-9c36-7fc9-8895-076b1753a52f', '2023-11-01 00:00', '2023-11-30 00:00', 317.94),
    ('019c4cac-9c36-7fc9-8895-076b1753a52f', '2023-12-01 00:00', '2023-12-31 00:00', 295.73),
    ('019c4cac-9c36-7fc9-8895-076b1753a52f', '2024-01-01 00:00', '2024-01-31 00:00', 317.29),
    ('019c4cac-9c36-7fc9-8895-076b1753a52f', '2024-02-01 00:00', '2024-02-29 00:00', 304.12),
    ('019c4cac-9c36-7fc9-8895-076b1753a52f', '2024-03-01 00:00', '2024-03-31 00:00', 304.94),
    ('019c4cac-9c36-7fc9-8895-076b1753a52f', '2024-04-01 00:00', '2024-04-30 00:00', 255.05),
    ('019c4cac-9c36-7fc9-8895-076b1753a52f', '2024-05-01 00:00', '2024-05-31 00:00', 184.50),
    ('019c4cac-9c36-7fc9-8895-076b1753a52f', '2024-06-01 00:00', '2024-06-30 00:00', 146.45),
    ('019c4cac-9c36-7fc9-8895-076b1753a52f', '2024-07-01 00:00', '2024-07-31 00:00', 211.27),
    ('019c4cac-9c36-7fc9-8895-076b1753a52f', '2024-08-01 00:00', '2024-08-31 00:00', 191.73),
    ('019c4cac-9c36-7fc9-8895-076b1753a52f', '2024-09-01 00:00', '2024-09-30 00:00', 214.30),
    ('019c4cac-9c36-7fc9-8895-076b1753a52f', '2024-10-01 00:00', '2024-10-31 00:00', 269.90),
    ('019c4cac-9c36-7fc9-8895-076b1753a52f', '2024-11-01 00:00', '2024-11-30 00:00', 244.32),
    ('019c4cac-9c36-7fc9-8895-076b1753a52f', '2024-12-01 00:00', '2024-12-31 00:00', 275.59),
    ('019c4cac-9c36-7fc9-8895-076b1753a52f', '2025-01-01 00:00', '2025-01-31 00:00', 322.10),
    ('019c4cac-9c36-7fc9-8895-076b1753a52f', '2025-02-01 00:00', '2025-02-28 00:00', 304.91),
    ('019c4cac-9c36-7fc9-8895-076b1753a52f', '2025-03-01 00:00', '2025-03-31 00:00', 325.24),
    ('019c4cac-9c36-7fc9-8895-076b1753a52f', '2025-04-01 00:00', '2025-04-30 00:00', 198.60),
    ('019c4cac-9c36-7fc9-8895-076b1753a52f', '2025-05-01 00:00', '2025-05-16 00:00', 91.53),
    ('019c4cac-c08f-7d76-bce8-bb5f3414dc89', '2021-04-01T00:00:00+00:00', '2021-04-30T00:00:00+00:00', 17301.70),
    ('019c4cac-c08f-7d76-bce8-bb5f3414dc89', '2021-05-01T00:00:00+00:00', '2021-05-31T00:00:00+00:00', 20997.60),
    ('019c4cac-c08f-7d76-bce8-bb5f3414dc89', '2021-06-01T00:00:00+00:00', '2021-06-30T00:00:00+00:00', 20243.20),
    ('019c4cac-c08f-7d76-bce8-bb5f3414dc89', '2021-07-01T00:00:00+00:00', '2021-07-31T00:00:00+00:00', 20981.80),
    ('019c4cac-c08f-7d76-bce8-bb5f3414dc89', '2021-08-01T00:00:00+00:00', '2021-08-31T00:00:00+00:00', 21633.70),
    ('019c4cac-c08f-7d76-bce8-bb5f3414dc89', '2021-09-01T00:00:00+00:00', '2021-09-30T00:00:00+00:00', 22552.00),
    ('019c4cac-c08f-7d76-bce8-bb5f3414dc89', '2021-10-01T00:00:00+00:00', '2021-10-31T00:00:00+00:00', 26526.60),
    ('019c4cac-c08f-7d76-bce8-bb5f3414dc89', '2021-11-01T00:00:00+00:00', '2021-11-30T00:00:00+00:00', 30021.70),
    ('019c4cac-c08f-7d76-bce8-bb5f3414dc89', '2021-12-01T00:00:00+00:00', '2021-12-31T00:00:00+00:00', 28773.80),
    ('019c4cac-c08f-7d76-bce8-bb5f3414dc89', '2022-01-01T00:00:00+00:00', '2022-01-31T00:00:00+00:00', 29186.35),
    ('019c4cac-c08f-7d76-bce8-bb5f3414dc89', '2022-02-01T00:00:00+00:00', '2022-02-28T00:00:00+00:00', 26331.45),
    ('019c4cac-c08f-7d76-bce8-bb5f3414dc89', '2022-03-01T00:00:00+00:00', '2022-03-31T00:00:00+00:00', 29023.60),
    ('019c4cac-c08f-7d76-bce8-bb5f3414dc89', '2022-04-01T00:00:00+00:00', '2022-04-30T00:00:00+00:00', 28389.70),
    ('019c4cac-c08f-7d76-bce8-bb5f3414dc89', '2022-05-01T00:00:00+00:00', '2022-05-31T00:00:00+00:00', 28304.90),
    ('019c4cac-c08f-7d76-bce8-bb5f3414dc89', '2022-06-01T00:00:00+00:00', '2022-06-30T00:00:00+00:00', 25952.25),
    ('019c4cac-c08f-7d76-bce8-bb5f3414dc89', '2022-07-01T00:00:00+00:00', '2022-07-31T00:00:00+00:00', 24380.70),
    ('019c4cac-c08f-7d76-bce8-bb5f3414dc89', '2022-08-01T00:00:00+00:00', '2022-08-31T00:00:00+00:00', 24037.30),
    ('019c4cac-c08f-7d76-bce8-bb5f3414dc89', '2022-09-01T00:00:00+00:00', '2022-09-30T00:00:00+00:00', 25101.15),
    ('019c4cac-c08f-7d76-bce8-bb5f3414dc89', '2022-10-01T00:00:00+00:00', '2022-10-31T00:00:00+00:00', 27219.90),
    ('019c4cac-c08f-7d76-bce8-bb5f3414dc89', '2022-11-01T00:00:00+00:00', '2022-11-30T00:00:00+00:00', 27449.40),
    ('019c4cac-c08f-7d76-bce8-bb5f3414dc89', '2022-12-01T00:00:00+00:00', '2022-12-31T00:00:00+00:00', 26504.90),
    ('019c4cac-c08f-7d76-bce8-bb5f3414dc89', '2023-01-01T00:00:00+00:00', '2023-01-31T00:00:00+00:00', 29634.40),
    ('019c4cac-c08f-7d76-bce8-bb5f3414dc89', '2023-02-01T00:00:00+00:00', '2023-02-28T00:00:00+00:00', 26728.60),
    ('019c4cac-c08f-7d76-bce8-bb5f3414dc89', '2023-03-01T00:00:00+00:00', '2023-03-31T00:00:00+00:00', 28920.50),
    ('019c4cac-c08f-7d76-bce8-bb5f3414dc89', '2023-04-01T00:00:00+00:00', '2023-04-30T00:00:00+00:00', 26258.10),
    ('019c4cac-c08f-7d76-bce8-bb5f3414dc89', '2023-05-01T00:00:00+00:00', '2023-05-31T00:00:00+00:00', 24380.00),
    ('019c4cac-c08f-7d76-bce8-bb5f3414dc89', '2023-06-01T00:00:00+00:00', '2023-06-30T00:00:00+00:00', 21890.40),
    ('019c4cac-c08f-7d76-bce8-bb5f3414dc89', '2023-07-01T00:00:00+00:00', '2023-07-31T00:00:00+00:00', 22369.20),
    ('019c4cac-c08f-7d76-bce8-bb5f3414dc89', '2023-08-01T00:00:00+00:00', '2023-08-31T00:00:00+00:00', 23483.60),
    ('019c4cac-c08f-7d76-bce8-bb5f3414dc89', '2023-09-01T00:00:00+00:00', '2023-09-30T00:00:00+00:00', 24385.90),
    ('019c4cac-c08f-7d76-bce8-bb5f3414dc89', '2023-10-01T00:00:00+00:00', '2023-10-31T00:00:00+00:00', 26894.00),
    ('019c4cac-c08f-7d76-bce8-bb5f3414dc89', '2023-11-01T00:00:00+00:00', '2023-11-30T00:00:00+00:00', 26881.90),
    ('019c4cac-c08f-7d76-bce8-bb5f3414dc89', '2023-12-01T00:00:00+00:00', '2023-12-31T00:00:00+00:00', 25751.00),
    ('019c4cac-c08f-7d76-bce8-bb5f3414dc89', '2024-01-01T00:00:00+00:00', '2024-01-31T00:00:00+00:00', 28738.30),
    ('019c4cac-c08f-7d76-bce8-bb5f3414dc89', '2024-02-01T00:00:00+00:00', '2024-02-29T00:00:00+00:00', 26926.80),
    ('019c4cac-c08f-7d76-bce8-bb5f3414dc89', '2024-03-01T00:00:00+00:00', '2024-03-31T00:00:00+00:00', 28461.00),
    ('019c4cac-c08f-7d76-bce8-bb5f3414dc89', '2024-04-01T00:00:00+00:00', '2024-04-30T00:00:00+00:00', 12.73),
    ('019c4cab-e8b6-7003-a22f-c7a82234b27d', '2023-09-28 00:00', '2023-09-30 00:00', 22.16),
    ('019c4cab-e8b6-7003-a22f-c7a82234b27d', '2023-10-01 00:00', '2023-10-31 00:00', 258.68),
    ('019c4cab-e8b6-7003-a22f-c7a82234b27d', '2023-11-01 00:00', '2023-11-30 00:00', 317.94),
    ('019c4cab-e8b6-7003-a22f-c7a82234b27d', '2023-12-01 00:00', '2023-12-31 00:00', 295.73),
    ('019c4cab-e8b6-7003-a22f-c7a82234b27d', '2024-01-01 00:00', '2024-01-31 00:00', 317.29),
    ('019c4cab-e8b6-7003-a22f-c7a82234b27d', '2024-02-01 00:00', '2024-02-29 00:00', 304.12),
    ('019c4cab-e8b6-7003-a22f-c7a82234b27d', '2024-03-01 00:00', '2024-03-31 00:00', 304.94),
    ('019c4cab-e8b6-7003-a22f-c7a82234b27d', '2024-04-01 00:00', '2024-04-30 00:00', 255.05),
    ('019c4cab-e8b6-7003-a22f-c7a82234b27d', '2024-05-01 00:00', '2024-05-31 00:00', 184.50),
    ('019c4cab-e8b6-7003-a22f-c7a82234b27d', '2024-06-01 00:00', '2024-06-30 00:00', 146.45),
    ('019c4cab-e8b6-7003-a22f-c7a82234b27d', '2024-07-01 00:00', '2024-07-31 00:00', 211.27),
    ('019c4cab-e8b6-7003-a22f-c7a82234b27d', '2024-08-01 00:00', '2024-08-31 00:00', 191.73),
    ('019c4cab-e8b6-7003-a22f-c7a82234b27d', '2024-09-01 00:00', '2024-09-30 00:00', 214.30),
    ('019c4cab-e8b6-7003-a22f-c7a82234b27d', '2024-10-01 00:00', '2024-10-31 00:00', 269.90),
    ('019c4cab-e8b6-7003-a22f-c7a82234b27d', '2024-11-01 00:00', '2024-11-30 00:00', 244.32),
    ('019c4cab-e8b6-7003-a22f-c7a82234b27d', '2024-12-01 00:00', '2024-12-31 00:00', 275.59),
    ('019c4cab-e8b6-7003-a22f-c7a82234b27d', '2025-01-01 00:00', '2025-01-31 00:00', 322.10),
    ('019c4cab-e8b6-7003-a22f-c7a82234b27d', '2025-02-01 00:00', '2025-02-28 00:00', 304.91),
    ('019c4cab-e8b6-7003-a22f-c7a82234b27d', '2025-03-01 00:00', '2025-03-31 00:00', 325.24),
    ('019c4cab-e8b6-7003-a22f-c7a82234b27d', '2025-04-01 00:00', '2025-04-30 00:00', 198.60),
    ('019c4cab-e8b6-7003-a22f-c7a82234b27d', '2025-05-01 00:00', '2025-05-16 00:00', 91.53);

INSERT INTO client_meters.gas_meters (dataset_id, start_ts, end_ts, consumption_kwh) VALUES 
    ('019c4cac-af70-775b-91ec-55bc32c23a21', '2024-02-06 00:00', '2024-02-29 00:00', 523.75),
    ('019c4cac-af70-775b-91ec-55bc32c23a21', '2024-03-01 00:00', '2024-03-31 00:00', 253.16),
    ('019c4cac-af70-775b-91ec-55bc32c23a21', '2024-04-01 00:00', '2024-04-30 00:00', 358.86),
    ('019c4cac-af70-775b-91ec-55bc32c23a21', '2024-05-01 00:00', '2024-05-31 00:00', 114.24),
    ('019c4cac-af70-775b-91ec-55bc32c23a21', '2024-06-01 00:00', '2024-06-30 00:00', 95.17),
    ('019c4cac-af70-775b-91ec-55bc32c23a21', '2024-07-01 00:00', '2024-07-31 00:00', 131.21),
    ('019c4cac-af70-775b-91ec-55bc32c23a21', '2024-08-01 00:00', '2024-08-31 00:00', 122.70),
    ('019c4cac-af70-775b-91ec-55bc32c23a21', '2024-09-01 00:00', '2024-09-30 00:00', 153.06),
    ('019c4cac-af70-775b-91ec-55bc32c23a21', '2024-10-01 00:00', '2024-10-31 00:00', 325.56),
    ('019c4cac-af70-775b-91ec-55bc32c23a21', '2024-11-01 00:00', '2024-11-30 00:00', 591.95),
    ('019c4cac-af70-775b-91ec-55bc32c23a21', '2024-12-01 00:00', '2024-12-31 00:00', 940.41),
    ('019c4cac-af70-775b-91ec-55bc32c23a21', '2025-01-01 00:00', '2025-01-31 00:00', 1458.19),
    ('019c4cac-af70-775b-91ec-55bc32c23a21', '2025-02-01 00:00', '2025-02-28 00:00', 1196.48),
    ('019c4cac-af70-775b-91ec-55bc32c23a21', '2025-03-01 00:00', '2025-03-31 00:00', 728.47),
    ('019c4cac-af70-775b-91ec-55bc32c23a21', '2025-04-01 00:00', '2025-04-30 00:00', 187.92),
    ('019c4cac-af70-775b-91ec-55bc32c23a21', '2025-05-01 00:00', '2025-05-16 00:00', 70.98),
    ('019c4cac-d39e-7954-a9a0-6522b35975cc', '2021-04-30T00:00:00', '2021-05-31T00:00:00', 175970.89),
    ('019c4cac-d39e-7954-a9a0-6522b35975cc', '2021-05-31T00:00:00', '2021-06-30T00:00:00', 143337.86),
    ('019c4cac-d39e-7954-a9a0-6522b35975cc', '2021-06-30T00:00:00', '2021-07-31T00:00:00', 84744.24),
    ('019c4cac-d39e-7954-a9a0-6522b35975cc', '2021-07-31T00:00:00', '2021-08-31T00:00:00', 72662.01),
    ('019c4cac-d39e-7954-a9a0-6522b35975cc', '2021-08-31T00:00:00', '2021-09-30T00:00:00', 73378.63),
    ('019c4cac-d39e-7954-a9a0-6522b35975cc', '2021-09-30T00:00:00', '2021-10-31T00:00:00', 91775.67),
    ('019c4cac-d39e-7954-a9a0-6522b35975cc', '2021-10-31T00:00:00', '2021-11-30T00:00:00', 136667.87),
    ('019c4cac-d39e-7954-a9a0-6522b35975cc', '2021-11-30T00:00:00', '2021-12-31T00:00:00', 183899.20),
    ('019c4cac-d39e-7954-a9a0-6522b35975cc', '2021-12-31T00:00:00', '2022-01-31T00:00:00', 206624.01),
    ('019c4cac-d39e-7954-a9a0-6522b35975cc', '2022-01-31T00:00:00', '2022-02-28T00:00:00', 231506.35),
    ('019c4cac-d39e-7954-a9a0-6522b35975cc', '2022-02-28T00:00:00', '2022-03-31T00:00:00', 190969.86),
    ('019c4cac-d39e-7954-a9a0-6522b35975cc', '2022-03-31T00:00:00', '2022-04-30T00:00:00', 204431.22),
    ('019c4cac-d39e-7954-a9a0-6522b35975cc', '2022-04-30T00:00:00', '2022-05-31T00:00:00', 153794.42),
    ('019c4cac-d39e-7954-a9a0-6522b35975cc', '2022-05-31T00:00:00', '2022-06-30T00:00:00', 189819.01),
    ('019c4cac-d39e-7954-a9a0-6522b35975cc', '2022-06-30T00:00:00', '2022-07-31T00:00:00', 87086.48),
    ('019c4cac-d39e-7954-a9a0-6522b35975cc', '2022-07-31T00:00:00', '2022-08-31T00:00:00', 160143.05),
    ('019c4cac-d39e-7954-a9a0-6522b35975cc', '2022-08-31T00:00:00', '2022-09-30T00:00:00', 116164.53),
    ('019c4cac-d39e-7954-a9a0-6522b35975cc', '2022-09-30T00:00:00', '2022-10-31T00:00:00', 147898.70),
    ('019c4cac-d39e-7954-a9a0-6522b35975cc', '2022-10-31T00:00:00', '2022-11-30T00:00:00', 158531.22),
    ('019c4cac-d39e-7954-a9a0-6522b35975cc', '2022-11-30T00:00:00', '2022-12-31T00:00:00', 195154.16),
    ('019c4cac-d39e-7954-a9a0-6522b35975cc', '2022-12-31T00:00:00', '2023-01-31T00:00:00', 227541.90),
    ('019c4cac-d39e-7954-a9a0-6522b35975cc', '2023-01-31T00:00:00', '2023-02-28T00:00:00', 214751.11),
    ('019c4cac-d39e-7954-a9a0-6522b35975cc', '2023-02-28T00:00:00', '2023-03-31T00:00:00', 178904.18),
    ('019c4cac-d39e-7954-a9a0-6522b35975cc', '2023-03-31T00:00:00', '2023-04-30T00:00:00', 198490.37),
    ('019c4cab-f9fd-7463-953f-1ab5e390c9cc', '2021-04-01', '2021-07-19', 18578.40),
    ('019c4cab-f9fd-7463-953f-1ab5e390c9cc', '2021-07-20', '2021-10-19', 13983.00),
    ('019c4cab-f9fd-7463-953f-1ab5e390c9cc', '2021-10-20', '2022-01-19', 16034.00),
    ('019c4cab-f9fd-7463-953f-1ab5e390c9cc', '2022-01-20', '2022-04-19', 17182.00),
    ('019c4cab-f9fd-7463-953f-1ab5e390c9cc', '2022-04-20', '2022-07-21', 5863.00),
    ('019c4cab-f9fd-7463-953f-1ab5e390c9cc', '2022-07-22', '2022-10-21', 12098.00),
    ('019c4cab-f9fd-7463-953f-1ab5e390c9cc', '2022-10-22', '2023-01-25', 8981.00),
    ('019c4cab-f9fd-7463-953f-1ab5e390c9cc', '2023-01-26', '2023-04-21', 10369.00),
    ('019c4cab-f9fd-7463-953f-1ab5e390c9cc', '2023-04-22', '2023-07-21', 10365.00),
    ('019c4cab-f9fd-7463-953f-1ab5e390c9cc', '2023-07-22', '2023-10-21', 10319.00),
    ('019c4cab-f9fd-7463-953f-1ab5e390c9cc', '2023-10-22', '2024-01-21', 12947.00),
    ('019c4cab-f9fd-7463-953f-1ab5e390c9cc', '2024-01-22', '2024-04-21', 11704.00);



END;